{
    "title": "Activity Schema",
    "type": "object",
    "properties": {
        "activityType": {
            "type": "string"
        },
        "testStationName": {
            "type": "string"
        },
        "testStationPNumber": {
            "type": "string"
        },
        "testStationEmail": {
            "type": "string"
        },
        "testStationType": {
            "type": "string"
        },
        "testerName": {
            "type": "string"
        },
        "testerStaffId": {
            "type": "string"
        },
        "testerEmail": {
            "type": "string"
        },
        "startTime": {
            "type": "string"
        },
        "endTime": {
            "type": "string"
        },
        "parentId": {
            "type": "string"
        },
        "waitReason": {
            "type": "array",
            "items": {
                "type": "string"
            }
        },
        "notes": {
            "type": "string"
        },
        "id": {
            "type": "string"
        }
    },
    "additionalProperties": false,
    "required": [
        "activityType",
        "testStationName",
        "testStationPNumber",
        "testStationEmail",
        "testStationType",
        "testerName",
        "testerStaffId",
        "startTime"
    ]
}
