{
    "title": "Defect Details Schema",
    "type": "object",
    "properties": {
        "imNumber": {
            "type": "integer"
        },
        "imDescription": {
            "type": "string"
        },
        "additionalInformation": {
            "properties": {
                "location": {
                    "title": "Defect Location Schema",
                    "type": "object",
                    "properties": {
                        "vertical": {
                            "type": [
                                "string",
                                "null"
                            ]
                        },
                        "horizontal": {
                            "type": [
                                "string",
                                "null"
                            ]
                        },
                        "lateral": {
                            "type": [
                                "string",
                                "null"
                            ]
                        },
                        "longitudinal": {
                            "type": [
                                "string",
                                "null"
                            ]
                        },
                        "rowNumber": {
                            "type": [
                                "integer",
                                "null"
                            ]
                        },
                        "seatNumber": {
                            "type": [
                                "integer",
                                "null"
                            ]
                        },
                        "axleNumber": {
                            "type": [
                                "integer",
                                "null"
                            ]
                        }
                    },
                    "additionalProperties": false
                },
                "notes": {
                    "type": "string"
                }
            },
            "additionalProperties": false,
            "required": [
                "location",
                "notes"
            ]
        },
        "itemNumber": {
            "type": "integer"
        },
        "itemDescription": {
            "type": "string"
        },
        "deficiencyRef": {
            "type": "string"
        },
        "deficiencyId": {
            "type": [
                "string",
                "null"
            ]
        },
        "deficiencySubId": {
            "type": [
                "string",
                "null"
            ]
        },
        "deficiencyCategory": {
            "type": "string"
        },
        "deficiencyText": {
            "type": [
                "string",
                "null"
            ]
        },
        "stdForProhibition": {
            "type": [
                "boolean",
                "null"
            ]
        },
        "prs": {
            "type": [
                "boolean",
                "null"
            ]
        },
        "prohibitionIssued": {
            "type": [
                "boolean",
                "null"
            ]
        },
        "metadata": {
            "title": "Defect Metadata Schema",
            "type": "object",
            "properties": {
                "category": {
                    "properties": {
                        "additionalInfo": {
                            "title": "Defect Additional Details Metadata Schema",
                            "type": "object",
                            "properties": {
                                "location": {
                                    "title": "Defect Location Metadata Schema",
                                    "type": "object",
                                    "properties": {
                                        "vertical": {
                                            "anyOf": [
                                                {
                                                    "type": "array",
                                                    "items": {
                                                        "type": "string"
                                                    }
                                                },
                                                {
                                                    "type": "null"
                                                }
                                            ]
                                        },
                                        "horizontal": {
                                            "anyOf": [
                                                {
                                                    "type": "array",
                                                    "items": {
                                                        "type": "string"
                                                    }
                                                },
                                                {
                                                    "type": "null"
                                                }
                                            ]
                                        },
                                        "lateral": {
                                            "anyOf": [
                                                {
                                                    "type": "array",
                                                    "items": {
                                                        "type": "string"
                                                    }
                                                },
                                                {
                                                    "type": "null"
                                                }
                                            ]
                                        },
                                        "longitudinal": {
                                            "anyOf": [
                                                {
                                                    "type": "array",
                                                    "items": {
                                                        "type": "string"
                                                    }
                                                },
                                                {
                                                    "type": "null"
                                                }
                                            ]
                                        },
                                        "rowNumber": {
                                            "anyOf": [
                                                {
                                                    "type": "array",
                                                    "items": {
                                                        "type": "number"
                                                    }
                                                },
                                                {
                                                    "type": "null"
                                                }
                                            ]
                                        },
                                        "seatNumber": {
                                            "anyOf": [
                                                {
                                                    "type": "array",
                                                    "items": {
                                                        "type": "integer"
                                                    }
                                                },
                                                {
                                                    "type": "null"
                                                }
                                            ]
                                        },
                                        "axleNumber": {
                                            "anyOf": [
                                                {
                                                    "type": "array",
                                                    "items": {
                                                        "type": "number"
                                                    }
                                                },
                                                {
                                                    "type": "null"
                                                }
                                            ]
                                        }
                                    },
                                    "additionalProperties": false
                                },
                                "notes": {
                                    "type": "boolean"
                                }
                            },
                            "additionalProperties": false,
                            "required": [
                                "location",
                                "notes"
                            ]
                        }
                    },
                    "additionalProperties": false
                }
            },
            "additionalProperties": false,
            "required": [
                "category"
            ]
        }
    },
    "additionalProperties": false,
    "required": [
        "imNumber",
        "imDescription",
        "additionalInformation",
        "itemNumber",
        "itemDescription",
        "deficiencyRef",
        "deficiencyId",
        "deficiencySubId",
        "deficiencyCategory",
        "deficiencyText",
        "stdForProhibition",
        "prs",
        "prohibitionIssued",
        "metadata"
    ]
}
