{
    "title": "Tech Record GET TRL Skeleton",
    "type": "object",
    "additionalProperties": false,
    "required": [
        "createdTimestamp",
        "partialVin",
        "systemNumber",
        "techRecord_createdAt",
        "techRecord_createdById",
        "techRecord_createdByName",
        "techRecord_reasonForCreation",
        "techRecord_statusCode",
        "techRecord_vehicleClass_code",
        "techRecord_vehicleClass_description",
        "techRecord_bodyType_description",
        "techRecord_bodyType_code",
        "techRecord_vehicleType",
        "trailerId",
        "vin"
    ],
    "properties": {
        "createdTimestamp": {
            "type": "string"
        },
        "partialVin": {
            "type": "string"
        },
        "systemNumber": {
            "type": "string"
        },
        "techRecord_adrDetails_documentId": {
            "type": "string"
        },
        "techRecord_adrDetails_dangerousGoods": {
            "type": [
                "boolean",
                "null"
            ]
        },
        "techRecord_adrDetails_vehicleDetails_type": {
            "type": [
                "string",
                "null"
            ]
        },
        "techRecord_adrDetails_vehicleDetails_approvalDate": {
            "anyOf": [
                {
                    "type": "string",
                    "pattern": "^\\d{4}-\\d{2}-\\d{2}$"
                },
                {
                    "type": "null"
                }
            ]
        },
        "techRecord_adrDetails_permittedDangerousGoods": {
            "type": [
                "array",
                "null"
            ],
            "items": {
                "type": "string"
            }
        },
        "techRecord_adrDetails_compatibilityGroupJ": {
            "anyOf": [
                {
                    "type": "null"
                },
                {
                    "title": "ADR Compatibility Group J",
                    "type": "string",
                    "tsEnumNames": [
                        "I",
                        "E"
                    ],
                    "enum": [
                        "I",
                        "E"
                    ]
                }
            ]
        },
        "techRecord_adrDetails_additionalExaminerNotes": {
            "type": [
                "array",
                "null"
            ],
            "items": {
                "title": "Additional Examiner Notes",
                "additionalProperties": false,
                "type": "object",
                "properties": {
                    "note": {
                        "type": [
                            "string",
                            "null"
                        ],
                        "maxLength": 1024
                    },
                    "createdAtDate": {
                        "type": [
                            "string",
                            "null"
                        ]
                    },
                    "lastUpdatedBy": {
                        "type": [
                            "string",
                            "null"
                        ]
                    }
                }
            }
        },
        "techRecord_adrDetails_applicantDetails_name": {
            "type": [
                "string",
                "null"
            ],
            "maxLength": 150
        },
        "techRecord_adrDetails_applicantDetails_street": {
            "type": [
                "string",
                "null"
            ],
            "maxLength": 150
        },
        "techRecord_adrDetails_applicantDetails_town": {
            "type": [
                "string",
                "null"
            ],
            "maxLength": 100
        },
        "techRecord_adrDetails_applicantDetails_city": {
            "type": [
                "string",
                "null"
            ],
            "maxLength": 100
        },
        "techRecord_adrDetails_applicantDetails_postcode": {
            "type": [
                "string",
                "null"
            ],
            "maxLength": 25
        },
        "techRecord_adrDetails_memosApply": {
            "type": [
                "array",
                "null"
            ],
            "items": {
                "type": [
                    "string"
                ]
            }
        },
        "techRecord_adrDetails_documents": {
            "type": [
                "array",
                "null"
            ],
            "items": {
                "type": [
                    "string"
                ]
            }
        },
        "techRecord_adrDetails_listStatementApplicable": {
            "type": [
                "boolean",
                "null"
            ]
        },
        "techRecord_adrDetails_batteryListNumber": {
            "type": [
                "string",
                "null"
            ],
            "maxLength": 8
        },
        "techRecord_adrDetails_brakeDeclarationsSeen": {
            "type": [
                "boolean",
                "null"
            ]
        },
        "techRecord_adrDetails_brakeDeclarationIssuer": {
            "type": [
                "string",
                "null"
            ]
        },
        "techRecord_adrDetails_brakeEndurance": {
            "type": [
                "boolean",
                "null"
            ]
        },
        "techRecord_adrDetails_weight": {
            "type": [
                "number",
                "null"
            ],
            "maximum": 99999999
        },
        "techRecord_adrDetails_declarationsSeen": {
            "type": [
                "boolean",
                "null"
            ]
        },
        "techRecord_adrDetails_m145Statement": {
            "type": [
                "boolean",
                "null"
            ]
        },
        "techRecord_adrDetails_newCertificateRequested": {
            "type": [
                "boolean",
                "null"
            ]
        },
        "techRecord_adrDetails_additionalNotes_number": {
            "type": [
                "array",
                "null"
            ],
            "items": {
                "type": "string"
            }
        },
        "techRecord_adrDetails_adrTypeApprovalNo": {
            "type": [
                "string",
                "null"
            ],
            "maxLength": 40
        },
        "techRecord_adrDetails_adrCertificateNotes": {
            "type": [
                "string",
                "null"
            ],
            "maxLength": 1500
        },
        "techRecord_adrDetails_tank_tankDetails_tankManufacturer": {
            "type": [
                "string",
                "null"
            ],
            "maxLength": 70
        },
        "techRecord_adrDetails_tank_tankDetails_yearOfManufacture": {
            "type": [
                "integer",
                "null"
            ],
            "maximum": 9999
        },
        "techRecord_adrDetails_tank_tankDetails_tankManufacturerSerialNo": {
            "type": [
                "string",
                "null"
            ],
            "maxLength": 50
        },
        "techRecord_adrDetails_tank_tankDetails_tankTypeAppNo": {
            "type": [
                "string",
                "null"
            ],
            "maxLength": 65
        },
        "techRecord_adrDetails_tank_tankDetails_tankCode": {
            "type": [
                "string",
                "null"
            ],
            "maxLength": 30
        },
        "techRecord_adrDetails_tank_tankDetails_specialProvisions": {
            "type": [
                "string",
                "null"
            ],
            "maxLength": 1024
        },
        "techRecord_adrDetails_tank_tankDetails_tc2Details_tc2Type": {
            "anyOf": [
                {
                    "type": "null"
                },
                {
                    "title": "TC2 Types",
                    "type": "string",
                    "enum": [
                        "initial"
                    ]
                }
            ]
        },
        "techRecord_adrDetails_tank_tankDetails_tc2Details_tc2IntermediateApprovalNo": {
            "type": [
                "string",
                "null"
            ],
            "maxLength": 70
        },
        "techRecord_adrDetails_tank_tankDetails_tc2Details_tc2IntermediateExpiryDate": {
            "anyOf": [
                {
                    "type": "string",
                    "pattern": "^\\d{4}-\\d{2}-\\d{2}$"
                },
                {
                    "type": "null"
                }
            ]
        },
        "techRecord_adrDetails_tank_tankDetails_tc3Details": {
            "type": [
                "array",
                "null"
            ],
            "items": {
                "type": "object",
                "title": "TC3 Details",
                "additionalProperties": false,
                "properties": {
                    "tc3Type": {
                        "anyOf": [
                            {
                                "type": "null"
                            },
                            {
                                "title": "TC3 Types",
                                "type": "string",
                                "tsEnumNames": [
                                    "INTERMEDIATE",
                                    "PERIODIC",
                                    "EXCEPTIONAL"
                                ],
                                "enum": [
                                    "intermediate",
                                    "periodic",
                                    "exceptional"
                                ]
                            }
                        ]
                    },
                    "tc3PeriodicNumber": {
                        "type": [
                            "string",
                            "null"
                        ],
                        "maxLength": 75
                    },
                    "tc3PeriodicExpiryDate": {
                        "anyOf": [
                            {
                                "type": "string",
                                "pattern": "^\\d{4}-\\d{2}-\\d{2}$"
                            },
                            {
                                "type": "null"
                            }
                        ]
                    }
                }
            }
        },
        "techRecord_adrDetails_tank_tankDetails_tankStatement_substancesPermitted": {
            "type": [
                "string",
                "null"
            ]
        },
        "techRecord_adrDetails_tank_tankDetails_tankStatement_select": {
            "anyOf": [
                {
                    "type": "null"
                },
                {
                    "title": "ADR Tank Details Tank Statement Select",
                    "type": "string",
                    "tsEnumNames": [
                        "STATEMENT",
                        "PRODUCT_LIST"
                    ],
                    "enum": [
                        "Statement",
                        "Product list"
                    ]
                }
            ]
        },
        "techRecord_adrDetails_tank_tankDetails_tankStatement_statement": {
            "type": [
                "string",
                "null"
            ],
            "maxLength": 1500
        },
        "techRecord_adrDetails_tank_tankDetails_tankStatement_productListRefNo": {
            "type": [
                "string",
                "null"
            ]
        },
        "techRecord_adrDetails_tank_tankDetails_tankStatement_productListUnNo": {
            "type": [
                "array",
                "null"
            ],
            "items": {
                "type": [
                    "string"
                ]
            }
        },
        "techRecord_adrDetails_tank_tankDetails_tankStatement_productList": {
            "type": [
                "string",
                "null"
            ],
            "maxLength": 1500
        },
        "techRecord_adrPassCertificateDetails": {
            "type": [
                "array",
                "null"
            ],
            "items": {
                "type": "object",
                "title": "ADR Certificate Details",
                "required": [
                    "createdByName",
                    "certificateType",
                    "generatedTimestamp",
                    "certificateId"
                ],
                "additionalProperties": false,
                "properties": {
                    "createdByName": {
                        "type": "string"
                    },
                    "certificateType": {
                        "title": "ADR Certificate Types",
                        "type": "string",
                        "tsEnumNames": [
                            "PASS",
                            "REPLACEMENT"
                        ],
                        "enum": [
                            "PASS",
                            "REPLACEMENT"
                        ]
                    },
                    "generatedTimestamp": {
                        "type": "string"
                    },
                    "certificateId": {
                        "type": "string"
                    }
                }
            }
        },
        "techRecord_alterationMarker": {
            "type": [
                "boolean",
                "null"
            ]
        },
        "techRecord_applicantDetails_name": {
            "type": [
                "string",
                "null"
            ],
            "maxLength": 150
        },
        "techRecord_applicantDetails_address1": {
            "type": [
                "null",
                "string"
            ],
            "maxLength": 60
        },
        "techRecord_applicantDetails_address2": {
            "type": [
                "null",
                "string"
            ],
            "maxLength": 60
        },
        "techRecord_applicantDetails_postTown": {
            "type": [
                "null",
                "string"
            ],
            "maxLength": 60
        },
        "techRecord_applicantDetails_address3": {
            "type": [
                "null",
                "string"
            ],
            "maxLength": 60
        },
        "techRecord_applicantDetails_postCode": {
            "type": [
                "null",
                "string"
            ],
            "maxLength": 12
        },
        "techRecord_applicantDetails_telephoneNumber": {
            "type": [
                "null",
                "string"
            ],
            "maxLength": 25
        },
        "techRecord_applicantDetails_emailAddress": {
            "type": [
                "null",
                "string"
            ],
            "maxLength": 255
        },
        "techRecord_applicationId": {
            "type": [
                "null",
                "string"
            ]
        },
        "techRecord_approvalType": {
            "anyOf": [
                {
                    "title": "Approval Type",
                    "type": "string",
                    "tsEnumNames": [
                        "NTA",
                        "ECTA",
                        "IVA",
                        "NSSTA",
                        "ECSSTA",
                        "GB_WVTA",
                        "UKNI_WVTA",
                        "EU_WVTA_PRE_23",
                        "EU_WVTA_23_ON",
                        "QNIG",
                        "PROV_GB_WVTA",
                        "SMALL_SERIES_NKSXX",
                        "SMALL_SERIES_NKS",
                        "IVA_VCA",
                        "IVA_DVSA_NI"
                    ],
                    "enum": [
                        "NTA",
                        "ECTA",
                        "IVA",
                        "NSSTA",
                        "ECSSTA",
                        "GB WVTA",
                        "UKNI WVTA",
                        "EU WVTA Pre 23",
                        "EU WVTA 23 on",
                        "QNIG",
                        "Prov.GB WVTA",
                        "Small series NKSXX",
                        "Small series NKS",
                        "IVA - VCA",
                        "IVA - DVSA/NI"
                    ]
                },
                {
                    "type": "null"
                }
            ]
        },
        "techRecord_approvalTypeNumber": {
            "type": [
                "string",
                "null"
            ],
            "maxLength": 25
        },
        "techRecord_ntaNumber": {
            "type": [
                "null",
                "string"
            ]
        },
        "techRecord_variantNumber": {
            "type": [
                "null",
                "string"
            ]
        },
        "techRecord_variantVersionNumber": {
            "type": [
                "null",
                "string"
            ]
        },
        "techRecord_authIntoService": {
            "type": [
                "string",
                "null"
            ]
        },
        "techRecord_batchId": {
            "type": [
                "string",
                "null"
            ]
        },
        "techRecord_bodyType_code": {
            "type": [
                "null",
                "string"
            ]
        },
        "techRecord_bodyType_description": {
            "type": [
                "null",
                "string"
            ]
        },
        "techRecord_brakes_antilockBrakingSystem": {
            "type": [
                "boolean",
                "null"
            ]
        },
        "techRecord_brakes_dtpNumber": {
            "type": [
                "string",
                "null"
            ],
            "maxLength": 6
        },
        "techRecord_brakes_loadSensingValve": {
            "type": [
                "boolean",
                "null"
            ]
        },
        "techRecord_centreOfRearmostAxleToRearOfTrl": {
            "type": [
                "integer",
                "null"
            ]
        },
        "techRecord_conversionRefNo": {
            "type": [
                "string",
                "null"
            ],
            "maxLength": 10
        },
        "techRecord_couplingCenterToRearAxleMax": {
            "type": [
                "integer",
                "null"
            ],
            "maximum": 99999,
            "minimum": 0
        },
        "techRecord_couplingCenterToRearAxleMin": {
            "type": [
                "integer",
                "null"
            ],
            "maximum": 99999,
            "minimum": 0
        },
        "techRecord_couplingCenterToRearTrlMax": {
            "type": [
                "integer",
                "null"
            ],
            "maximum": 99999,
            "minimum": 0
        },
        "techRecord_couplingCenterToRearTrlMin": {
            "type": [
                "integer",
                "null"
            ],
            "maximum": 99999,
            "minimum": 0
        },
        "techRecord_couplingType": {
            "type": [
                "string",
                "null"
            ],
            "maxLength": 1
        },
        "techRecord_createdAt": {
            "type": "string"
        },
        "techRecord_createdById": {
            "type": "string"
        },
        "techRecord_createdByName": {
            "type": "string"
        },
        "techRecord_departmentalVehicleMarker": {
            "type": [
                "boolean",
                "null"
            ]
        },
        "techRecord_dimensions_length": {
            "type": [
                "integer",
                "null"
            ],
            "maximum": 99999,
            "minimum": 0
        },
        "techRecord_dimensions_width": {
            "type": [
                "integer",
                "null"
            ],
            "maximum": 99999,
            "minimum": 0
        },
        "techRecord_euVehicleCategory": {
            "anyOf": [
                {
                    "title": "EU vehicle category",
                    "type": "string",
                    "tsEnumNames": [
                        "M1",
                        "M2",
                        "M3",
                        "N1",
                        "N2",
                        "N3",
                        "O1",
                        "O2",
                        "O3",
                        "O4",
                        "L1E_A",
                        "l1E",
                        "L2e",
                        "L3E",
                        "L4E",
                        "L5E",
                        "L6E",
                        "L7E"
                    ],
                    "enum": [
                        "m1",
                        "m2",
                        "m3",
                        "n1",
                        "n2",
                        "n3",
                        "o1",
                        "o2",
                        "o3",
                        "o4",
                        "l1e-a",
                        "l1e",
                        "l2e",
                        "l3e",
                        "l4e",
                        "l5e",
                        "l6e",
                        "l7e"
                    ]
                },
                {
                    "type": "null"
                }
            ]
        },
        "techRecord_firstUseDate": {
            "type": [
                "string",
                "null"
            ]
        },
        "techRecord_frameDescription": {
            "anyOf": [
                {
                    "title": "Frame Description",
                    "type": "string",
                    "enum": [
                        "Channel section",
                        "Space frame",
                        "I section",
                        "Tubular",
                        "Frame section",
                        "Other",
                        "integral",
                        "Box section",
                        "U section"
                    ]
                },
                {
                    "type": "null"
                }
            ]
        },
        "techRecord_frontAxleToRearAxle": {
            "type": [
                "integer",
                "null"
            ],
            "maximum": 99999,
            "minimum": 0
        },
        "techRecord_functionCode": {
            "type": [
                "string",
                "null"
            ],
            "maxLength": 1
        },
        "techRecord_grossDesignWeight": {
            "type": [
                "integer",
                "null"
            ],
            "maximum": 99999,
            "minimum": 0
        },
        "techRecord_grossEecWeight": {
            "type": [
                "integer",
                "null"
            ],
            "maximum": 99999,
            "minimum": 0
        },
        "techRecord_grossGbWeight": {
            "type": [
                "integer",
                "null"
            ],
            "maximum": 99999,
            "minimum": 0
        },
        "techRecord_letterOfAuth_letterType": {
            "anyOf": [
                {
                    "type": "null"
                },
                {
                    "title": "letter types",
                    "type": "string",
                    "enum": [
                        "trailer acceptance",
                        "trailer rejection"
                    ]
                }
            ]
        },
        "techRecord_letterOfAuth_letterDateRequested": {
            "type": [
                "string",
                "null"
            ]
        },
        "techRecord_letterOfAuth_paragraphId": {
            "anyOf": [
                {
                    "type": "null"
                },
                {
                    "title": "Paragraph Ids",
                    "type": "integer",
                    "enum": [
                        3,
                        4,
                        5,
                        6,
                        7
                    ]
                }
            ]
        },
        "techRecord_letterOfAuth_letterIssuer": {
            "type": [
                "string",
                "null"
            ]
        },
        "techRecord_make": {
            "type": [
                "string",
                "null"
            ],
            "maxLength": 50
        },
        "techRecord_manufactureYear": {
            "anyOf": [
                {
                    "type": "integer",
                    "minimum": 0,
                    "maximum": 9999
                },
                {
                    "type": "null"
                }
            ]
        },
        "techRecord_manufacturerDetails": {
            "type": [
                "string",
                "null"
            ]
        },
        "techRecord_maxLoadOnCoupling": {
            "type": [
                "integer",
                "null"
            ],
            "minimum": 0,
            "maximum": 99999
        },
        "techRecord_microfilm": {
            "type": [
                "string",
                "null"
            ]
        },
        "techRecord_microfilm_microfilmDocumentType": {
            "anyOf": [
                {
                    "type": "null"
                },
                {
                    "title": "Microfilm Document Type",
                    "type": "string",
                    "enum": [
                        "PSV Miscellaneous",
                        "AAT - Trailer Annual Test",
                        "AIV - HGV International App",
                        "COIF Modification",
                        "Trailer COC + Int Plate",
                        "RCT - Trailer Test Cert paid",
                        "HGV COC + Int Plate",
                        "PSV Carry/Auth",
                        "OMO Report",
                        "AIT - Trailer International App",
                        "IPV - HGV EEC Plate/Cert",
                        "XCV - HGV Test Cert free",
                        "AAV - HGV Annual Test",
                        "COIF Master",
                        "Tempo 100 Sp Ord",
                        "Deleted",
                        "PSV N/ALT",
                        "XPT - Tr Plating Cert paid",
                        "FFV - HGV First Test",
                        "Repl Vitesse 100",
                        "TCV - HGV Test Cert",
                        "ZZZ - Miscellaneous",
                        "Test Certificate",
                        "XCT - Trailer Test Cert free",
                        "C52 - COC and VTG52A",
                        "Tempo 100 Report",
                        "Main File Amendment",
                        "PSV Doc",
                        "PSV COC",
                        "PSV Repl COC",
                        "TAV - COC",
                        "NPT - Trailer Alteration",
                        "OMO Certificate",
                        "PSV Repl COIF",
                        "PSV Repl COF",
                        "COIF Application",
                        "XPV - HGV Plating Cert Free",
                        "TCT - Trailer Test Cert",
                        "Tempo 100 App",
                        "PSV Decision on N/ALT",
                        "Special Order PSV",
                        "NPV - HGV Alteration",
                        "No Description Found",
                        "Vitesse 100 Sp Ord",
                        "Brake Test Details",
                        "COIF Productional",
                        "RDT - Test Disc Paid",
                        "RCV - HGV Test Cert",
                        "FFT - Trailer First Test",
                        "IPT - Trailer EEC Plate/Cert",
                        "XDT - Test Disc Free",
                        "PRV - HGV Plating Cert paid",
                        "COF Cert",
                        "PRT - Tr Plating Cert paid",
                        "Tempo 100 Permit"
                    ]
                }
            ]
        },
        "techRecord_microfilm_microfilmRollNumber": {
            "type": [
                "string",
                "null"
            ],
            "maxLength": 5
        },
        "techRecord_microfilm_microfilmSerialNumber": {
            "type": [
                "string",
                "null"
            ],
            "maxLength": 4
        },
        "techRecord_model": {
            "type": [
                "string",
                "null"
            ],
            "maxLength": 30
        },
        "techRecord_axles": {
            "type": [
                "null",
                "array"
            ],
            "items": {
                "type": "object",
                "title": "TRL Axles",
                "additionalProperties": false,
                "properties": {
                    "parkingBrakeMrk": {
                        "type": [
                            "boolean",
                            "null"
                        ]
                    },
                    "axleNumber": {
                        "type": [
                            "integer",
                            "null"
                        ]
                    },
                    "brakes_brakeActuator": {
                        "type": [
                            "null",
                            "integer"
                        ],
                        "minimum": 0,
                        "maximum": 999
                    },
                    "brakes_leverLength": {
                        "type": [
                            "null",
                            "integer"
                        ],
                        "minimum": 0,
                        "maximum": 999
                    },
                    "brakes_springBrakeParking": {
                        "type": [
                            "null",
                            "boolean"
                        ]
                    },
                    "weights_gbWeight": {
                        "type": [
                            "integer",
                            "null"
                        ],
                        "minimum": 0,
                        "maximum": 99999
                    },
                    "weights_designWeight": {
                        "type": [
                            "integer",
                            "null"
                        ],
                        "minimum": 0,
                        "maximum": 99999
                    },
                    "weights_eecWeight": {
                        "type": [
                            "integer",
                            "null"
                        ],
                        "minimum": 0,
                        "maximum": 99999
                    },
                    "weights_ladenWeight": {
                        "type": [
                            "integer",
                            "null"
                        ],
                        "minimum": 0,
                        "maximum": 99999
                    },
                    "weights_kerbWeight": {
                        "type": [
                            "integer",
                            "null"
                        ],
                        "minimum": 0,
                        "maximum": 99999
                    },
                    "tyres_tyreCode": {
                        "type": [
                            "integer",
                            "null"
                        ],
                        "minimum": 0,
                        "maximum": 99999
                    },
                    "tyres_tyreSize": {
                        "type": [
                            "string",
                            "null"
                        ],
                        "maxLength": 12
                    },
                    "tyres_plyRating": {
                        "type": [
                            "string",
                            "null"
                        ]
                    },
                    "tyres_fitmentCode": {
                        "anyOf": [
                            {
                                "type": "null"
                            },
                            {
                                "title": "Fitment Code",
                                "type": "string",
                                "enum": [
                                    "single",
                                    "double"
                                ]
                            }
                        ]
                    },
                    "tyres_dataTrAxles": {
                        "type": [
                            "null",
                            "integer"
                        ],
                        "minimum": 0,
                        "maximum": 999
                    },
                    "tyres_speedCategorySymbol": {
                        "anyOf": [
                            {
                                "title": "Speed Category Symbol",
                                "type": "string",
                                "enum": [
                                    "a7",
                                    "a8",
                                    "b",
                                    "c",
                                    "d",
                                    "e",
                                    "f",
                                    "g",
                                    "j",
                                    "k",
                                    "l",
                                    "m",
                                    "n",
                                    "p",
                                    "q"
                                ]
                            },
                            {
                                "type": "null"
                            }
                        ]
                    }
                }
            }
        },
        "techRecord_noOfAxles": {
            "anyOf": [
                {
                    "type": "integer",
                    "minimum": 0,
                    "maximum": 99
                },
                {
                    "type": "null"
                }
            ]
        },
        "techRecord_plates": {
            "type": [
                "null",
                "array"
            ],
            "items": {
                "type": "object",
                "title": "TRL Plates",
                "additionalProperties": false,
                "properties": {
                    "plateSerialNumber": {
                        "type": [
                            "string",
                            "null"
                        ],
                        "maxLength": 12
                    },
                    "plateIssueDate": {
                        "type": [
                            "string",
                            "null"
                        ]
                    },
                    "plateReasonForIssue": {
                        "anyOf": [
                            {
                                "type": "null"
                            },
                            {
                                "title": "Plate Reason For Issue",
                                "type": "string",
                                "enum": [
                                    "Free replacement",
                                    "Replacement",
                                    "Destroyed",
                                    "Provisional",
                                    "Original",
                                    "Manual"
                                ]
                            }
                        ]
                    },
                    "plateIssuer": {
                        "type": [
                            "string",
                            "null"
                        ],
                        "maxLength": 150
                    }
                }
            }
        },
        "techRecord_purchaserDetails_address1": {
            "type": [
                "string",
                "null"
            ]
        },
        "techRecord_purchaserDetails_address2": {
            "type": [
                "string",
                "null"
            ]
        },
        "techRecord_purchaserDetails_address3": {
            "type": [
                "string",
                "null"
            ]
        },
        "techRecord_purchaserDetails_emailAddress": {
            "type": [
                "string",
                "null"
            ]
        },
        "techRecord_purchaserDetails_faxNumber": {
            "type": [
                "string",
                "null"
            ]
        },
        "techRecord_purchaserDetails_name": {
            "type": [
                "string",
                "null"
            ]
        },
        "techRecord_purchaserDetails_postCode": {
            "type": [
                "string",
                "null"
            ]
        },
        "techRecord_purchaserDetails_postTown": {
            "type": [
                "string",
                "null"
            ]
        },
        "techRecord_purchaserDetails_purchaserNotes": {
            "type": [
                "string",
                "null"
            ]
        },
        "techRecord_purchaserDetails_telephoneNumber": {
            "type": [
                "string",
                "null"
            ]
        },
        "techRecord_manufacturerDetails_address1": {
            "type": [
                "string",
                "null"
            ]
        },
        "techRecord_manufacturerDetails_address2": {
            "type": [
                "string",
                "null"
            ]
        },
        "techRecord_manufacturerDetails_address3": {
            "type": [
                "string",
                "null"
            ]
        },
        "techRecord_manufacturerDetails_emailAddress": {
            "type": [
                "string",
                "null"
            ]
        },
        "techRecord_manufacturerDetails_faxNumber": {
            "type": [
                "string",
                "null"
            ]
        },
        "techRecord_manufacturerDetails_name": {
            "type": [
                "string",
                "null"
            ]
        },
        "techRecord_manufacturerDetails_postCode": {
            "type": [
                "string",
                "null"
            ]
        },
        "techRecord_manufacturerDetails_postTown": {
            "type": [
                "string",
                "null"
            ]
        },
        "techRecord_manufacturerDetails_manufacturerNotes": {
            "type": [
                "string",
                "null"
            ]
        },
        "techRecord_manufacturerDetails_telephoneNumber": {
            "type": [
                "string",
                "null"
            ]
        },
        "techRecord_lastUpdatedAt": {
            "type": [
                "string",
                "null"
            ]
        },
        "techRecord_lastUpdatedByName": {
            "type": [
                "string",
                "null"
            ]
        },
        "techRecord_lastUpdatedById": {
            "type": [
                "string",
                "null"
            ]
        },
        "techRecord_rearAxleToRearTrl": {
            "type": [
                "integer",
                "null"
            ],
            "maximum": 99999,
            "minimum": 0
        },
        "techRecord_reasonForCreation": {
            "type": "string"
        },
        "techRecord_recordCompleteness": {
            "const": "skeleton"
        },
        "techRecord_regnDate": {
            "anyOf": [
                {
                    "type": "string",
                    "pattern": "^$"
                },
                {
                    "type": "string",
                    "pattern": "^\\d{4}-\\d{2}-\\d{2}$"
                },
                {
                    "type": "null"
                }
            ]
        },
        "techRecord_roadFriendly": {
            "type": [
                "boolean",
                "null"
            ]
        },
        "techRecord_statusCode": {
            "title": "Status Code",
            "type": "string",
            "enum": [
                "provisional",
                "current",
                "archived"
            ]
        },
        "techRecord_suspensionType": {
            "type": [
                "string",
                "null"
            ],
            "maxLength": 1
        },
        "techRecord_tyreUseCode": {
            "anyOf": [
                {
                    "title": "Tyre Use Code",
                    "type": "string",
                    "tsEnumNames": [
                        "_2R",
                        "_2B",
                        "_2J",
                        "_2M"
                    ],
                    "enum": [
                        "2R",
                        "2B",
                        "2J",
                        "2M"
                    ]
                },
                {
                    "type": "null"
                }
            ]
        },
        "techRecord_vehicleClass_code": {
            "const": "t"
        },
        "techRecord_vehicleClass_description": {
            "const": "trailer"
        },
        "techRecord_vehicleConfiguration": {
            "anyOf": [
                {
                    "title": "Vehicle Configuration",
                    "type": "string",
                    "tsEnumNames": [
                        "CENTRE_AXLE_DRAWBAR",
                        "SEMI_CAR_TRANSPORTER",
                        "SEMI_TRAILER",
                        "LONG_SEMI_TRAILER",
                        "LOW_LOADER",
                        "OTHER",
                        "DRAWBAR",
                        "FOUR_IN_LINE",
                        "DOLLY",
                        "FULL_DRAWBAR"
                    ],
                    "enum": [
                        "centre axle drawbar",
                        "semi-car transporter",
                        "semi-trailer",
                        "long semi-trailer",
                        "low loader",
                        "other",
                        "drawbar",
                        "four-in-line",
                        "dolly",
                        "full drawbar"
                    ]
                },
                {
                    "type": "null"
                }
            ]
        },
        "techRecord_vehicleType": {
            "const": "trl"
        },
        "trailerId": {
            "type": "string"
        },
        "vin": {
            "type": "string"
        },
        "techRecord_hiddenInVta": {
            "type": [
                "null",
                "boolean"
            ]
        },
        "techRecord_updateType": {
            "type": [
                "null",
                "string"
            ]
        },
        "techRecord_authIntoService_cocIssueDate": {
            "type": [
                "string",
                "null"
            ]
        },
        "techRecord_authIntoService_dateReceived": {
            "type": [
                "string",
                "null"
            ]
        },
        "techRecord_authIntoService_datePending": {
            "type": [
                "string",
                "null"
            ]
        },
        "techRecord_authIntoService_dateAuthorised": {
            "type": [
                "string",
                "null"
            ]
        },
        "techRecord_authIntoService_dateRejected": {
            "type": [
                "string",
                "null"
            ]
        },
        "techRecord_notes": {
            "type": [
                "string",
                "null"
            ]
        },
        "techRecord_dimensions_axleSpacing": {
            "type": "array",
            "items": {
                "type": "object",
                "title": "AxleSpacing",
                "additionalProperties": false,
                "properties": {
                    "axles": {
                        "type": "string"
                    },
                    "value": {
                        "type": [
                            "integer",
                            "null"
                        ],
                        "maximum": 99999,
                        "minimum": 0
                    }
                }
            }
        }
    },
    "if": {
        "properties": {
            "techRecord_adrDetails_dangerousGoods": {
                "const": true
            }
        },
        "required": [
            "techRecord_adrDetails_dangerousGoods"
        ]
    },
    "then": {
        "required": [
            "techRecord_adrDetails_vehicleDetails_type",
            "techRecord_adrDetails_vehicleDetails_approvalDate",
            "techRecord_adrDetails_permittedDangerousGoods",
            "techRecord_adrDetails_additionalNotes_number"
        ],
        "allOf": [
            {
                "if": {
                    "properties": {
                        "techRecord_adrDetails_permittedDangerousGoods": {
                            "type": "array",
                            "contains": {
                                "type": "string",
                                "pattern": "^Explosives \\(type \\d\\)$"
                            }
                        }
                    },
                    "required": [
                        "techRecord_adrDetails_permittedDangerousGoods"
                    ]
                },
                "then": {
                    "required": [
                        "techRecord_adrDetails_compatibilityGroupJ"
                    ]
                }
            },
            {
                "if": {
                    "properties": {
                        "techRecord_adrDetails_vehicleDetails_type": {
                            "enum": [
                                "Rigid tank",
                                "Rigid battery",
                                "Full drawbar tank",
                                "Full drawbar battery",
                                "Centre axle tank",
                                "Centre axle battery",
                                "Semi trailer tank",
                                "Semi trailer battery"
                            ]
                        }
                    },
                    "required": [
                        "techRecord_adrDetails_vehicleDetails_type"
                    ]
                },
                "then": {
                    "required": [
                        "techRecord_adrDetails_tank_tankDetails_tankManufacturer",
                        "techRecord_adrDetails_tank_tankDetails_yearOfManufacture",
                        "techRecord_adrDetails_tank_tankDetails_tankManufacturerSerialNo",
                        "techRecord_adrDetails_tank_tankDetails_tankTypeAppNo",
                        "techRecord_adrDetails_tank_tankDetails_tankCode",
                        "techRecord_adrDetails_tank_tankDetails_tankStatement_substancesPermitted"
                    ]
                }
            },
            {
                "if": {
                    "properties": {
                        "techRecord_adrDetails_listStatementApplicable": {
                            "const": true
                        }
                    },
                    "required": [
                        "techRecord_adrDetails_listStatementApplicable"
                    ]
                },
                "then": {
                    "required": [
                        "techRecord_adrDetails_batteryListNumber"
                    ]
                }
            },
            {
                "if": {
                    "properties": {
                        "techRecord_adrDetails_brakeEndurance": {
                            "const": true
                        }
                    },
                    "required": [
                        "techRecord_adrDetails_brakeEndurance"
                    ]
                },
                "then": {
                    "required": [
                        "techRecord_adrDetails_weight"
                    ]
                }
            }
        ]
    }
}
